language,text
Kiswahili,Ninaamka asubuhi mapema.
Kiswahili,Ninasoma kitabu changu.
Kiswahili,Anaenda shuleni kila siku.
Kiswahili,Tunacheza mpira uwanjani.
Kiswahili,Wanalima shamba lao.
Kiswahili,Mama anapika chakula.
Kiswahili,Baba anafanya kazi ofisini.
Kiswahili,Watoto wanacheka sana.
Kiswahili,Ninasikiliza muziki.
Kiswahili,Anaandika barua.
Kiswahili,Tunaenda sokoni kununua mboga.
Kiswahili,Ninasafisha nyumba yangu.
Kiswahili,Wanakimbia haraka sana.
Kiswahili,Ninalala mapema usiku.
Kiswahili,Anapenda kusoma vitabu.
Kiswahili,Tunaimba nyimbo nzuri.
Kiswahili,Wanafunzi wanasoma darasani.
Kiswahili,Ninaleta maji nyumbani.
Kiswahili,Anaosha vyombo jikoni.
Kiswahili,Tunasafiri kwenda mjini.
Kiswahili,Ninasoma Kiswahili kwa bidii.
Kiswahili,Anapanda miti shambani.
Kiswahili,Tunakunywa chai asubuhi.
Kiswahili,Wanakula matunda matamu.
Kiswahili,Ninasikiliza mwalimu kwa makini.
Kiswahili,Anaandika hadithi nzuri.
Kiswahili,Tunaangalia televisheni.
Kiswahili,Wanafunzi wanajibu maswali.
Kiswahili,Ninalima bustani yangu.
Kiswahili,Anafua nguo zake.
Kiswahili,Tunatembea polepole.
Kiswahili,Wanacheza muziki kwa sauti.
Kiswahili,Ninasoma magazeti.
Kiswahili,Anaenda kanisani Jumapili.
Kiswahili,Tunasoma pamoja.
Kiswahili,Wanaimba kwa furaha.
Kiswahili,Ninalima mahindi shambani.
Kiswahili,Anafuga kuku nyumbani.
Kiswahili,Tunapanda mboga bustanini.
Kiswahili,Wanakimbia mbio ndefu.
Kiswahili,Ninasoma hesabu kila siku.
Kiswahili,Anaandika insha darasani.
Kiswahili,Tunacheza karata jioni.
Kiswahili,Wanapika chakula kitamu.
Kiswahili,Ninaleta kuni nyumbani.
Kiswahili,Anafanya mazoezi kila siku.
Kiswahili,Tunacheza dansi.
Kiswahili,Wanatembea barabarani.
Kiswahili,Ninasikiliza redio.
Kiswahili,Anaangalia filamu.
Kiswahili,Tunasoma vitabu.
Kiswahili,Wanapanda miti.
Kiswahili,Ninalala kitandani.
Kiswahili,Anaandika barua.
Kiswahili,Tunacheza mpira.
Kiswahili,Wanakunywa maji.
Kiswahili,Ninasafisha chumba.
Kiswahili,Anaosha gari.
Kiswahili,Tunatembea nje.
Kiswahili,Wanakula chakula.
Kiswahili,Ninasoma hadithi.
Kiswahili,Anaandika shuleni.
Kiswahili,Tunacheza muziki.
Kiswahili,Wanakimbia sana.
Kiswahili,Ninalima viazi.
Kiswahili,Anafua nguo.
Kiswahili,Tunakula pamoja.
Kiswahili,Wanatembea polepole.
Kiswahili,Ninasoma gazeti.
Kiswahili,Anaangalia habari.
Kiswahili,Tunapika wali.
Kiswahili,Wanakunywa chai.
Kiswahili,Ninasoma darasani.
Kiswahili,Anaandika kazi.
Kiswahili,Tunacheza nje.
Kiswahili,Wanakula matunda.
Kiswahili,Ninaleta maji.
Kiswahili,Anafanya kazi.
Kiswahili,Tunapumzika.
Kiswahili,Wanacheka sana.
Kiswahili,Mtoto mdogo analia.
Kiswahili,Mbwa anakimbia haraka.
Kiswahili,Paka amelala kitandani.
Kiswahili,Jua linawaka sana.
Kiswahili,Mvua inanyesha leo
Kiswahili,Ninanunua chakula sokoni.
Kiswahili,Anaendesha gari lake.
Kiswahili,Tunakwenda kazini asubuhi.
Kiswahili,Nikipata muda nitasoma.
Kiswahili,Ukija nitakusaidia.
Kiswahili,Tutashinda kwa juhudi.
Kiswahili,Akifanya kazi atafanikiwa.
Kiswahili,Tukienda mapema tutafika
Kiswahili,Tutashinda kwa juhudi.
Kiswahili,Wanakutana jioni.
Kiswahili,Tunakunywa maji.
Kiswahili,Wanafunzi wanacheza uwanjani wakati wa mapumziko.
Kiswahili,Mama anapika chakula kitamu jikoni.
Kiswahili,Tunaimba wimbo.
Kiswahili,Tunatembea njiani.
Kiswahili,Tunakimbia mbio.
Kiswahili,Tunapika wali.
Kiswahili,Ninasoma kitabu kila jioni.
Kiswahili,Wanasoma kitabu.
Kiswahili,Wanakula chakula.
Kiswahili,Wanakunywa maji.
Kiswahili,Wanaandika barua.
Kiswahili,Wanacheza mpira.
Kiswahili,Wanaimba wimbo.
Kiswahili,Wanatembea njiani.
Kiswahili,Wanakimbia mbio.
Kiswahili,Wanapika wali.
Kiswahili,Wanaosha vyombo.
Kiswahili,Ninasoma kitabu.
Kiswahili,Ninakula chakula.
Kiswahili,Ninakunywa maji.
Kiswahili,Ninaandika barua.
Kiswahili,Ninacheza mpira.
Kiswahili,Ninaimba wimbo.
Kiswahili,Ninatembea njiani.
Kiswahili,Ninakimbia mbio.
Kiswahili,Ninapika wali.
Kiswahili,Ninaosha vyombo.
Kiswahili,Anasoma kitabu.
Kiswahili,Anakula chakula.
Kiswahili,Anakunywa maji.
Kiswahili,Anaandika barua.
Kiswahili,Anacheza mpira.
Kiswahili,Anaimba wimbo.
Kiswahili,Anatembea njiani.
Kiswahili,Anakimbia mbio.
Kiswahili,Anapika wali.
Kiswahili,Anaosha vyombo.
Kiswahili,Tunasoma kitabu.
Kiswahili,Tunakula chakula.
Kiswahili,Tunakunywa maji.
Kiswahili,Tunaandika barua.
Kiswahili,Tunacheza mpira.
Kiswahili,Tunaimba wimbo.
Kiswahili,Tunatembea njiani.
Kiswahili,Tunakimbia mbio.
Kiswahili,Tunapika wali.
Kiswahili,Tunaosha vyombo.
Kiswahili,Wanasoma kitabu.
Kiswahili,Wanakula chakula.
Kiswahili,Wanakunywa maji.
Kiswahili,Wanaandika barua.
Kiswahili,Wanacheza mpira.
Kiswahili,Wanaimba wimbo.
Kiswahili,Wanatembea njiani.
Kiswahili,Wanakimbia mbio.
Kiswahili,Wanapika wali.
Kiswahili,Wanaosha vyombo.
Kiswahili,Ninasoma kitabu.
Kiswahili,Ninakula chakula.
Kiswahili,Ninakunywa maji.
Kiswahili,Ninaandika barua.
Kiswahili,Ninacheza mpira.
Kiswahili,Ninaimba wimbo.
Kiswahili,Ninatembea njiani.
Kiswahili,Ninakimbia mbio.
Kiswahili,Ninapika wali.
Kiswahili,Ninaosha vyombo.
Kiswahili,Anasoma kitabu.
Kiswahili,Anakula chakula.
Kiswahili,Anakunywa maji.
Kiswahili,Anaandika barua.
Kiswahili,Anacheza mpira.
Kiswahili,Anaimba wimbo.
Kiswahili,Anatembea njiani.
Kiswahili,Anakimbia mbio.
Kiswahili,Anapika wali.
Kiswahili,Anaosha vyombo.
Kiswahili,unasoma kitabu.
Kiswahili,Tunakula chakula.
Kiswahili,Tunakunywa maji.
Kiswahili,Tunaandika barua.
Kiswahili,Tunacheza mpira.
Kiswahili,Tunaimba wimbo.
Kiswahili,Tunatembea njiani.
Kiswahili,Tunakimbia mbio.
Kiswahili,Tunapika wali.
Kiswahili,Tunaosha vyombo.
Kiswahili,Wanasoma kitabu.
Kiswahili,Wanakula chakula.
Kiswahili,Wanakunywa maji.
Kiswahili,Wanaandika barua.
Kiswahili,Wanacheza mpira.
Kiswahili,Wanaimba wimbo.
Kiswahili,Wanatembea njiani.
Kiswahili,Wanakimbia mbio.
Kiswahili,Wanapika wali.
Kiswahili,Wanaosha vyombo.
Kiswahili,Ninasoma kitabu.
Kiswahili,Ninakula chakula.
Kiswahili,Ninakunywa maji.
Kiswahili,Ninaandika barua.
Kiswahili,Ninacheza mpira.
Kiswahili,Ninaimba wimbo.
Kiswahili,Ninatembea njiani.
Kiswahili,Ninakimbia mbio.
Kiswahili,Ninapika wali.
Kiswahili,Ninaosha vyombo.
Kiswahili,Anasoma kitabu.
Kiswahili,Anakula chakula.
Kiswahili,Anakunywa maji.
Kiswahili,Anaandika barua.
Kiswahili,Anacheza mpira.
Kiswahili,Anaimba wimbo.
Kiswahili,Anatembea njiani.
Kiswahili,Anakimbia mbio.
Kiswahili,Anapika wali.
Kiswahili,Anaosha vyombo.
Kiswahili,Tunasoma kitabu.
Kiswahili,Tunakula chakula.
Kiswahili,Tunakunywa maji.
Kiswahili,Tunaandika barua.
Kiswahili,Tunacheza mpira.
Kiswahili,Tunaimba wimbo.
Kiswahili,Tunatembea njiani.
Kiswahili,Tunakimbia mbio.
Kiswahili,Tunapika wali.
Kiswahili,Tunaosha vyombo.
Kiswahili,Wanasoma kitabu.
Kiswahili,Wanakula chakula.
Kiswahili,Wanakunywa maji.
Kiswahili,Wanaandika barua.
Kiswahili,Wanacheza mpira.
Kiswahili,Wanaimba wimbo.
Kiswahili,Wanatembea njiani.
Kiswahili,Wanakimbia mbio.
Kiswahili,Wanapika wali.
Kiswahili,Wanaosha vyombo.
Kiswahili,Ninasoma kitabu.
Kiswahili,Ninakula chakula.
Kiswahili,Ninakunywa maji.
Kiswahili,Ninaandika barua.
Kiswahili,Ninacheza mpira.
Kiswahili,Ninaimba wimbo.
Kiswahili,Ninatembea njiani.
Kiswahili,Ninakimbia mbio.
Kiswahili,Ninapika wali.
Kiswahili,Ninaosha vyombo.
Kiswahili,Anasoma kitabu.
Kiswahili,Anakula chakula.
Kiswahili,Anakunywa maji.
Kiswahili,Anaandika barua.
Kiswahili,Anacheza mpira.
Kiswahili,Anaimba wimbo.
Kiswahili,Anatembea njiani.
Kiswahili,Anakimbia mbio.
Kiswahili,Anapika wali.
Kiswahili,Anaosha vyombo.
Kiswahili,Tunasoma kitabu.
Kiswahili,Tunakula chakula.
Kiswahili,Tunakunywa maji.
Kiswahili,Tunaandika barua.
Kiswahili,Tunacheza mpira.
Kiswahili,Tunaimba wimbo.
Kiswahili,Tunatembea njiani.
Kiswahili,Tunakimbia mbio.
Kiswahili,Tunapika wali.
Kiswahili,Tunaosha vyombo.
Kiswahili,Wanasoma kitabu.
Kiswahili,Wanakula chakula.
Kiswahili,Wanakunywa maji.
Kiswahili,Wanaandika barua.
Kiswahili,Wanacheza mpira.
Kiswahili,Wanaimba wimbo.
Kiswahili,Wanatembea njiani.
Kiswahili,Wanakimbia mbio.
Kiswahili,Wanapika wali.
Kiswahili,Wanaosha vyombo.
Kiswahili,Ninasoma kitabu.
Kiswahili,Ninakula chakula.
Kiswahili,Ninakunywa maji.
Kiswahili,Ninaandika barua.
Kiswahili,Ninacheza mpira.
Kiswahili,Ninaimba wimbo.
Kiswahili,Ninatembea njiani.
Kiswahili,Ninakimbia mbio.
Kiswahili,Ninapika wali.
Kiswahili,Ninaosha vyombo.
Kiswahili,Anasoma kitabu.
Kiswahili,Anakula chakula.
Kiswahili,Anakunywa maji.
Kiswahili,Anaandika barua.
Kiswahili,Anacheza mpira.
Kiswahili,Anaimba wimbo.
Kiswahili,Anatembea njiani.
Kiswahili,Anakimbia mbio.
Kiswahili,Anapika wali.
Kiswahili,Anaosha vyombo.
Kiswahili,Tunasoma kitabu.
Kiswahili,Tunakula chakula.
Kiswahili,Tunakunywa maji.
Kiswahili,Tunaandika barua.
Kiswahili,Tunacheza mpira.
Kiswahili,Tunaimba wimbo.
Kiswahili,Tunatembea njiani.
Kiswahili,Tunakimbia mbio.
Kiswahili,Tunapika wali.
Kiswahili,Tunaosha vyombo.
Kiswahili,Wanasoma kitabu.
Kiswahili,Wanakula chakula.
Kiswahili,Wanakunywa maji.
Kiswahili,Wanaandika barua.
Kiswahili,Wanacheza mpira.
Kiswahili,Wanaimba wimbo.
Kiswahili,Wanatembea njiani.
Kiswahili,Wanakimbia mbio.
Kiswahili,Wanapika wali.
Kiswahili,Wanaosha vyombo.
Kiswahili,Ninasoma kitabu.
Kiswahili,Ninakula chakula.
Kiswahili,Ninakunywa maji.
Kiswahili,Ninaandika barua.
Kiswahili,Ninacheza mpira.
Kiswahili,Ninaimba wimbo.
Kiswahili,Ninatembea njiani.
Kiswahili,Ninakimbia mbio.
Kiswahili,Ninapika wali.
Kiswahili,Ninaosha vyombo.
Kiswahili,Anasoma kitabu.
Kiswahili,Anakula chakula.
Kiswahili,Anakunywa maji.
Kiswahili,Anaandika barua.
Kiswahili,Anacheza mpira.
Kiswahili,Anaimba wimbo.
Kiswahili,Anatembea njiani.
Kiswahili,Anakimbia mbio.
Kiswahili,Anapika wali.
Kiswahili,Anaosha vyombo.
Kiswahili,Tunasoma kitabu.
Kiswahili,Tunakula chakula.
Kiswahili,Tunakunywa maji.
Kiswahili,Tunaandika barua.
Kiswahili,Tunacheza mpira.
Kiswahili,Tunaimba wimbo.
Kiswahili,Tunatembea njiani.
Kiswahili,Tunakimbia mbio.
Kiswahili,Tunapika wali.
Kiswahili,Tunaosha vyombo.
Kiswahili,Wanasoma kitabu.
Kiswahili,Wanakula chakula.
Kiswahili,Wanakunywa maji.
Kiswahili,Wanaandika barua.
Kiswahili,Wanacheza mpira.
Kiswahili,Wanaimba wimbo.
Kiswahili,Wanatembea njiani.
Kiswahili,Wanakimbia mbio.
Kiswahili,Wanapika wali.
Kiswahili,Wanaosha vyombo.
Kiswahili,Ninasoma kitabu.
Kiswahili,Ninakula chakula.
Kiswahili,Ninakunywa maji.
Kiswahili,Ninaandika barua.
Kiswahili,Ninacheza mpira.
Kiswahili,Ninaimba wimbo.
Kiswahili,Ninatembea njiani.
Kiswahili,Ninakimbia mbio.
Kiswahili,Ninapika wali.
Kiswahili,Ninaosha vyombo.
Kiswahili,Anasoma kitabu.
Kiswahili,Anakula chakula.
Kiswahili,Anakunywa maji.
Kiswahili,Anaandika barua.
Kiswahili,Anacheza mpira.
Kiswahili,Anaimba wimbo.
Kiswahili,Anatembea njiani.
Kiswahili,Anakimbia mbio.
Kiswahili,Anapika wali.
Kiswahili,Anaosha vyombo.
Kiswahili,Tunasoma kitabu.
Kiswahili,Tunakula chakula.
Kiswahili,Tunakunywa maji.
Kiswahili,Tunaandika barua.
Kiswahili,Tunacheza mpira.
Kiswahili,Tunaimba wimbo.
Kiswahili,Tunatembea njiani.
Kiswahili,Tunakimbia mbio.
Kiswahili,Tunaosha vyombo
Kiswahili,Tunaosha vyombo.
Kiswahili,Wanasoma kitabu.
Kiswahili,Wanakula chakula.
Kiswahili,Wanakunywa maji.
Kiswahili,Wanaandika barua.
Kiswahili,Wanacheza mpira.
Kiswahili,Wanaimba wimbo.
Kiswahili,Wanatembea njiani.
Kiswahili,Wanakimbia mbio.
Kiswahili,Wanapika wali.
Kiswahili,Wanaosha vyombo.
English,The dog play football quickly.
English,You take a book quietly.
English,You find football quickly.
English,I find a house badly.
English,The dog write a letter quietly.
English,She see television carefully.
English,He make a movie carefully.
English,The dog make a plan quietly.
English,You take a house quickly.
English,We like television carefully.
English,They see a movie slowly.
English,We take a book slowly.
English,The dog see football sadly.
English,My friend write a letter sadly.
English,My friend find a solution easily.
English,I play a book carefully.
English,The dog find a book slowly.
English,They eat a solution slowly.
English,He see the food easily.
English,The dog play a book slowly.
English,They play a movie easily.
English,The teacher see a break carefully.
English,My friend like television sadly.
English,I play a house quietly.
English,You build a solution badly.
English,You eat television carefully.
English,He eat a house slowly.
English,My friend see a solution badly.
English,The dog take a letter slowly.
English,I play a break quietly.
English,The teacher make a movie badly.
English,He make television carefully.
English,My friend eat football easily.
English,I see a house quietly.
English,They take television easily.
English,We see a break easily.
English,He eat a solution loudly.
English,My friend play television gracefully.
English,You find a plan loudly.
English,You find a plan happily.
English,We watch a house slowly.
English,The teacher eat a plan sadly.
English,You find football quietly.
English,The dog see a letter quietly.
English,They play the food carefully.
English,The teacher take the food quickly.
English,They make football easily.
English,You watch a plan carefully.
English,She find a book slowly.
English,I play a solution carefully.
English,She eat football quietly.
English,The student find football happily.
English,He take football quickly.
English,He build football quickly.
English,You build the food loudly.
English,We play the food slowly.
English,We watch television quickly.
English,She write a solution easily.
English,He write a house quickly.
English,The teacher watch the food badly.
English,The teacher find television quietly.
English,The dog take a movie slowly.
English,My friend write a letter easily.
English,The student build television loudly.
English,I take a plan slowly.
English,My friend eat television badly.
English,He play a book happily.
English,The student eat television easily.
English,They make television happily.
English,She make a movie slowly.
English,We eat a plan sadly.
English,She write a book quietly.
English,The teacher like a house loudly.
English,I find a break quickly.
English,She see a movie sadly.
English,You eat the food badly.
English,She eat football badly.
English,She play football easily.
English,She build a movie carefully.
English,My friend take football quietly.
English,We see a break slowly.
English,She take a plan happily.
English,He watch a house badly.
English,She write a plan slowly.
English,The dog build the food happily.
English,My friend find a house loudly.
English,I play a plan loudly.
English,He take a solution quietly.
English,We write a solution quietly.
English,My friend take a break badly.
English,I build a plan badly.
English,He build a solution gracefully.
English,They make a solution gracefully.
English,My friend write football easily.
English,They see a letter loudly.
English,She watch a break quickly.
English,You find the food slowly.
English,They make television happily.
English,The dog see a plan gracefully.
English,He find a plan quickly.
English,The student write a movie quietly.
English,I take a movie slowly.
English,The student take a solution quietly.
English,They play a house carefully.
English,You take a plan sadly.
English,The student play a break quickly.
English,The student eat a book happily.
English,He watch a movie quietly.
English,I see the food sadly.
English,He play a break happily.
English,The student see the food carefully.
English,My friend watch a plan sadly.
English,My friend watch a book gracefully.
English,She like a movie quietly.
English,She play football loudly.
English,The teacher play football carefully.
English,The teacher play a solution gracefully.
English,We build a book happily.
English,The teacher eat a solution badly.
English,The student take a break quickly.
English,The dog take a letter happily.
English,The dog like football quickly.
English,The teacher take a plan sadly.
English,He play a solution happily.
English,They build the food happily.
English,You write a book slowly.
English,My friend like football sadly.
English,You find a letter loudly.
English,He play television carefully.
English,We take a book happily.
English,The dog see a letter easily.
English,I watch a break happily.
English,We watch a solution happily.
English,The student make a plan easily.
English,I write the food quickly.
English,The teacher see a solution slowly.
English,I see a book loudly.
English,They build a break quietly.
English,I see television badly.
English,My friend watch football badly.
English,The dog like a book quickly.
English,The student write a solution sadly.
English,He take a solution easily.
English,They make a solution quietly.
English,He build a letter badly.
English,The student watch the food quietly.
English,He play a plan quickly.
English,They see the food quickly.
English,We find a house badly.
English,We play a movie happily.
English,They play football carefully.
English,The teacher watch a book carefully.
English,The dog build a book happily.
English,They make television badly.
English,She watch a house easily.
English,I make a book sadly.
English,She play a book quickly.
English,They eat football carefully.
English,You eat a letter gracefully.
English,She watch a solution loudly.
English,We eat a letter carefully.
English,My friend build a plan quickly.
English,The student eat a letter happily.
English,They write a break happily.
English,He make a book happily.
English,He watch a solution sadly.
English,The teacher build a letter sadly.
English,The student find a house quickly.
English,She watch television easily.
English,The student see football quickly.
English,The dog eat a solution badly.
English,They build a letter happily.
English,They play a letter carefully.
English,He find football loudly.
English,She watch a movie carefully.
English,He make a solution slowly.
English,He find a book slowly.
English,She see a letter sadly.
English,I like the food badly.
English,You build a movie loudly.
English,They build a letter quickly.
English,The teacher like football quickly.
English,We like a house loudly.
English,The teacher take a house badly.
English,He like a house sadly.
English,I play a book quickly.
English,The teacher make a letter quickly.
English,We eat football gracefully.
English,You play a break loudly.
English,We take a movie easily.
English,We build football gracefully.
English,The dog see television sadly.
English,The dog find a movie quickly.
English,The teacher build a solution loudly.
English,You take a movie sadly.
English,My friend watch a plan easily.
English,I watch television happily.
English,You take a house slowly.
English,You write a letter sadly.
English,He write a plan easily.
English,The dog build football quietly.
English,The dog make football badly.
English,They eat a letter quickly.
English,I find television slowly.
English,The student see a book quickly.
English,The student write a house quickly.
English,The dog write television gracefully.
English,My friend like a letter quietly.
English,We take a plan loudly.
English,The student build a plan happily.
English,I take the food slowly.
English,My friend watch the food quickly.
English,The dog find television sadly.
English,He play a house quickly.
English,The dog see a break happily.
English,The teacher find a house loudly.
English,You make a break slowly.
English,My friend play football loudly.
English,The dog watch the food carefully.
English,She play a letter slowly.
English,We watch a solution sadly.
English,He make television quickly.
English,She take a house slowly.
English,They make a movie sadly.
English,The teacher eat the food quickly.
English,She build a plan quickly.
English,You eat a break loudly.
English,They eat television quickly.
English,The teacher see a book sadly.
English,I take a book carefully.
English,You watch a plan badly.
English,The student see a break badly.
English,My friend find football badly.
English,The dog play a solution quietly.
English,The student write a book quickly.
English,The dog see television quietly.
English,She see the food carefully.
English,The teacher build the food loudly.
English,The teacher find television badly.
English,The dog find a letter quietly.
English,The teacher build a book easily.
English,The dog find football quietly.
English,The teacher watch television quickly.
English,We find a house quickly.
English,You like a house slowly.
English,We like a letter slowly.
English,She play a letter happily.
English,He take football slowly.
English,The dog eat a house carefully.
English,You write the food slowly.
English,The teacher make television badly.
English,My friend watch television loudly.
English,They write a solution quickly.
English,She see a solution slowly.
English,You eat a house gracefully.
English,The dog build the food quietly.
English,The teacher like a solution slowly.
English,He write the food gracefully.
English,My friend take a house carefully.
English,We make a house carefully.
English,The dog watch a plan gracefully.
English,We find a house slowly.
English,We see a book carefully.
English,I watch football easily.
English,I make a book carefully.
English,He play a plan quietly.
English,The student see a break happily.
English,You find a plan badly.
English,We watch a house quietly.
English,The dog play a break loudly.
English,You find a solution sadly.
English,You find a movie quietly.
English,My friend play a letter easily.
English,He find a house happily.
English,The student see a break badly.
English,The student write television quietly.
English,They like a break easily.
English,You take a book sadly.
English,I like a house badly.
English,He like the food quickly.
English,She make a plan gracefully.
English,The dog watch a break quickly.
English,We play a movie happily.
English,The teacher see a solution quietly.
English,He play a house gracefully.
English,My friend like the food badly.
English,The teacher make a letter badly.
English,I find a solution loudly.
English,The dog make a book sadly.
English,The dog eat football happily.
English,They see television quickly.
English,The teacher eat a plan quietly.
English,My friend find a plan quietly.
English,We eat a book badly.
English,The student take a house easily.
English,They like a letter badly.
English,You play a plan quickly.
English,We see the food happily.
English,He take a break easily.
English,She take a movie slowly.
English,They see a book sadly.
English,The student make the food gracefully.
English,The teacher watch football happily.
English,You find a house slowly.
English,He see a house quickly.
English,You build a break carefully.
English,They see a plan slowly.
English,We find a house loudly.
English,We take a house badly.
English,He make a solution quickly.
English,The student take television easily.
English,I watch a house sadly.
English,He play television sadly.
English,They build a plan quietly.
English,The dog build a movie slowly.
English,You eat a movie gracefully.
English,The dog build the food quietly.
English,You see football gracefully.
English,The student eat television slowly.
English,You watch a book quickly.
English,The dog like football slowly.
English,The teacher find a movie carefully.
English,They see a solution loudly.
English,They build a house quickly.
English,The student write television quickly.
English,The teacher write a break quietly.
English,We write a break slowly.
English,I like the food badly.
English,You build a break gracefully.
English,I make a solution easily.
English,The dog build a solution easily.
English,She see a break easily.
English,They find television badly.
English,The dog find a house loudly.
English,You make a house carefully.
English,The dog play a letter slowly.
English,I eat a solution sadly.
English,They eat a house easily.
English,She build television slowly.
English,My friend find the food slowly.
English,The dog see a book happily.
English,My friend build television sadly.
English,The student take football slowly.
English,He like television sadly.
English,I watch television happily.
English,They like a movie slowly.
English,He eat a plan quietly.
English,My friend play a letter sadly.
English,She write a book slowly.
English,We play a letter slowly.
English,We write a movie carefully.
English,He take a solution badly.
English,You eat a letter quietly.
English,My friend watch television gracefully.
English,The dog watch television sadly.
English,He watch a movie easily.
English,We find television quietly.
English,We like a break sadly.
English,She eat a break carefully.
English,The teacher like a solution gracefully.
English,He build football easily.
English,My friend write a solution quietly.
English,You write television quickly.
English,I see a letter loudly.
English,We see a house loudly.
English,He watch a solution happily.
English,I find television quietly.
English,We find a letter quickly.
English,They take television loudly.
English,She eat a break sadly.
English,We see a solution carefully.
English,You play football loudly.
English,The student write the food loudly.
English,We build a solution badly.
English,The teacher watch the food badly.
English,She like a book easily.
English,I see a book badly.
English,I see football badly.
English,He build a break sadly.
English,He build the food quietly.
English,They eat the food easily.
English,I see a solution loudly.
English,We make a house easily.
English,We build the food happily.
English,We write a house gracefully.
English,He build the food gracefully.
English,You build football happily.
English,I build a movie easily.
English,The teacher build a house sadly.
English,He like a break happily.
English,The dog write the food badly.
English,We see the food quietly.
English,They see a plan happily.
English,My friend eat television easily.
English,The teacher find a break easily.
English,He see a movie happily.
English,You like football sadly.
English,You like a plan carefully.
English,The teacher eat a book easily.
English,The dog play a book sadly.
English,She build a letter slowly.
English,The teacher play a house carefully.
English,My friend like the food easily.
English,You make a letter slowly.
English,He write television slowly.
English,My friend make a solution easily.
English,You eat a letter carefully.
English,They write television happily.
English,She make a break quickly.
English,I make the food slowly.
English,He find the food quickly.
English,My friend write a book sadly.
English,The student like television badly.
English,I play television easily.
English,He build television sadly.
English,They take football loudly.
English,The teacher find a plan happily.
English,You watch television quietly.
English,The teacher watch the food happily.
English,He eat a break gracefully.
English,The student like television quietly.
English,They write a house carefully.
English,We play the food slowly.
English,We build a solution slowly.
English,The teacher play the food easily.
English,The teacher find television gracefully.
English,The teacher like the food happily.
English,You take a book happily.
English,My friend see football loudly.
English,The dog watch a break easily.
English,The student write a book quietly.
English,You write television easily.
English,You play a letter badly.
English,You see a movie gracefully.
English,The teacher like a book loudly.
English,You play a letter sadly.
English,You build a plan sadly.
English,I eat a house badly.
English,The student eat a break sadly.
English,She see football loudly.
English,The teacher see a solution carefully.
English,You take television slowly.
English,He eat television loudly.
English,The dog take the food quickly.
English,He play television slowly.
English,The dog watch a letter gracefully.
English,The dog eat a break easily.
English,I like a book badly.
English,We play a plan quickly.
English,She make a book easily.
English,She eat the food quickly.
English,My friend see a book sadly.
English,She write a letter sadly.
English,You watch a book sadly.
English,She take a solution happily.
English,The dog take a break slowly.
English,We write a house happily.
English,He like the food badly.
English,They find a house easily.
English,The dog eat a break badly.
English,He see a break quickly.
English,The student see football loudly.
English,She write a book loudly.
English,I take the food sadly.
English,You play football easily.
English,He see television slowly.
English,She play a letter happily.
English,I watch a book happily.
English,The teacher take a break happily.
English,The teacher find the food sadly.
English,She play a movie badly.
English,The teacher play a book gracefully.
English,He see a house slowly.
English,I eat the food happily.
English,You make a movie carefully.
English,I build a book easily.
English,You write a house carefully.
English,They play a movie gracefully.
English,The dog like television carefully.
English,We write a house slowly.
English,The teacher watch a house slowly.
English,They write the food happily.
English,The student take football happily.
English,She play a break badly.
English,We build a house badly.
English,You eat a movie carefully.
English,He build a break happily.
English,They watch a book gracefully.
English,He find a book sadly.
English,I play television gracefully.
English,You take television badly.
English,The student eat a break badly.
English,I find television happily.
English,We write a movie carefully.
English,I see a plan loudly.
English,We like a house easily.
English,The student find a plan sadly.
English,The teacher see football quickly.
English,I eat a letter loudly.
Luo,An chiemo chiemo oyot.
Luo,In ndiko buk mos.
Luo,Wan temo dala ahinya.
Luo,Gin wuotho puodho maber.
Luo,Nyathi bedo tich rach.
Luo,Wuod tiyo ot tek.
Luo,Dhako keto yie moromo.
Luo,Chuo yudo pesa chuth.
Luo,An chiemo chiemo oyot.
Luo,In ndiko buk mos.
Luo,Wan temo dala ahinya.
Luo,Gin wuotho puodho maber.
Luo,Nyathi bedo tich rach.
Luo,Wuod tiyo ot tek.
Luo,Dhako keto yie moromo.
Luo,Chuo yudo pesa chuth.
Luo,An chiemo chiemo oyot.
Luo,In ndiko buk mos.
Luo,Wan temo dala ahinya.
Luo,Gin wuotho puodho maber.
Luo,Nyathi bedo tich rach.
Luo,Wuod tiyo ot tek.
Luo,Dhako keto yie moromo.
Luo,Chuo yudo pesa chuth.
Luo,An chiemo chiemo oyot.
Luo,In ndiko buk mos.
Luo,Wan temo dala ahinya.
Luo,Gin wuotho puodho maber.
Luo,Nyathi bedo tich rach.
Luo,Wuod tiyo ot tek.
Luo,Dhako keto yie moromo.
Luo,Chuo yudo pesa chuth.
Luo,An chiemo chiemo oyot.
Luo,In ndiko buk mos.
Luo,Wan temo dala ahinya.
Luo,Gin wuotho puodho maber.
Luo,Nyathi bedo tich rach.
Luo,Wuod tiyo ot tek.
Luo,Dhako keto yie moromo.
Luo,Chuo yudo pesa chuth.
Luo,An chiemo chiemo oyot.
Luo,In ndiko buk mos.
Luo,Wan temo dala ahinya.
Luo,Gin wuotho puodho maber.
Luo,Nyathi bedo tich rach.
Luo,Wuod tiyo ot tek.
Luo,Dhako keto yie moromo.
Luo,Chuo yudo pesa chuth.
Luo,An chiemo chiemo oyot.
Luo,In ndiko buk mos.
Luo,Wan temo dala ahinya.
Luo,Gin wuotho puodho maber.
Luo,Nyathi bedo tich rach.
Luo,Wuod tiyo ot tek.
Luo,Dhako keto yie moromo.
Luo,Chuo yudo pesa chuth.
Luo,An chiemo chiemo oyot.
Luo,In ndiko buk mos.
Luo,Wan temo dala ahinya.
Luo,Gin wuotho puodho maber.
Luo,Nyathi bedo tich rach.
Luo,Wuod tiyo ot tek.
Luo,Dhako keto yie moromo.
Luo,Chuo yudo pesa chuth.
Luo,An chiemo chiemo oyot.
Luo,In ndiko buk mos.
Luo,Wan temo dala ahinya.
Luo,Gin wuotho puodho maber.
Luo,Nyathi bedo tich rach.
Luo,Wuod tiyo ot tek.
Luo,Dhako keto yie moromo.
Luo,Chuo yudo pesa chuth.
Luo,An chiemo chiemo oyot.
Luo,In ndiko buk mos.
Luo,Wan temo dala ahinya.
Luo,Gin wuotho puodho maber.
Luo,Nyathi bedo tich rach.
Luo,Wuod tiyo ot tek.
Luo,Dhako keto yie moromo.
Luo,Chuo yudo pesa chuth.
Luo,An chiemo chiemo oyot.
Luo,In ndiko buk mos.
Luo,Wan temo dala ahinya.
Luo,Gin wuotho puodho maber.
Luo,Nyathi bedo tich rach.
Luo,Wuod tiyo ot tek.
Luo,Dhako keto yie moromo.
Luo,Chuo yudo pesa chuth.
Luo,An chiemo chiemo oyot.
Luo,In ndiko buk mos.
Luo,Wan temo dala ahinya.
Luo,Gin wuotho puodho maber.
Luo,Nyathi bedo tich rach.
Luo,Wuod tiyo ot tek.
Luo,Dhako keto yie moromo.
Luo,Chuo yudo pesa chuth.
Luo,An chiemo chiemo oyot.
Luo,In ndiko buk mos.
Luo,Wan temo dala ahinya.
Luo,Gin wuotho puodho maber.
Luo,Nyathi bedo tich rach.
Luo,Wuod tiyo ot tek.
Luo,Dhako keto yie moromo.
Luo,Chuo yudo pesa chuth.
Luo,An chiemo chiemo oyot.
Luo,In ndiko buk mos.
Luo,Wan temo dala ahinya.
Luo,Gin wuotho puodho maber.
Luo,Nyathi bedo tich rach.
Luo,Wuod tiyo ot tek.
Luo,Dhako keto yie moromo.
Luo,Chuo yudo pesa chuth.
Luo,An chiemo chiemo oyot.
Luo,In ndiko buk mos.
Luo,Wan temo dala ahinya.
Luo,Gin wuotho puodho maber.
Luo,Nyathi bedo tich rach.
Luo,Wuod tiyo ot tek.
Luo,Dhako keto yie moromo.
Luo,Chuo yudo pesa chuth.
Luo,An chiemo chiemo oyot.
Luo,In ndiko buk mos.
Luo,Wan temo dala ahinya.
Luo,Gin wuotho puodho maber.
Luo,Nyathi bedo tich rach.
Luo,Wuod tiyo ot tek.
Luo,Dhako keto yie moromo.
Luo,Chuo yudo pesa chuth.
Luo,An chiemo chiemo oyot.
Luo,In ndiko buk mos.
Luo,Wan temo dala ahinya.
Luo,Gin wuotho puodho maber.
Luo,Nyathi bedo tich rach.
Luo,Wuod tiyo ot tek.
Luo,Dhako keto yie moromo.
Luo,Chuo yudo pesa chuth.
Luo,An chiemo chiemo oyot.
Luo,In ndiko buk mos.
Luo,Wan temo dala ahinya.
Luo,Gin wuotho puodho maber.
Luo,Nyathi bedo tich rach.
Luo,Wuod tiyo ot tek.
Luo,Dhako keto yie moromo.
Luo,Chuo yudo pesa chuth.
Luo,An chiemo chiemo oyot.
Luo,In ndiko buk mos.
Luo,Wan temo dala ahinya.
Luo,Gin wuotho puodho maber.
Luo,Nyathi bedo tich rach.
Luo,Wuod tiyo ot tek.
Luo,Dhako keto yie moromo.
Luo,Chuo yudo pesa chuth.
Luo,An chiemo chiemo oyot.
Luo,In ndiko buk mos.
Luo,Wan temo dala ahinya.
Luo,Gin wuotho puodho maber.
Luo,Nyathi bedo tich rach.
Luo,Wuod tiyo ot tek.
Luo,Dhako keto yie moromo.
Luo,Chuo yudo pesa chuth.
Luo,An chiemo chiemo oyot.
Luo,In ndiko buk mos.
Luo,Wan temo dala ahinya.
Luo,Gin wuotho puodho maber.
Luo,Nyathi bedo tich rach.
Luo,Wuod tiyo ot tek.
Luo,Dhako keto yie moromo.
Luo,Chuo yudo pesa chuth.
Luo,An chiemo chiemo oyot.
Luo,In ndiko buk mos.
Luo,Wan temo dala ahinya.
Luo,Gin wuotho puodho maber.
Luo,Nyathi bedo tich rach.
Luo,Wuod tiyo ot tek.
Luo,Dhako keto yie moromo.
Luo,Chuo yudo pesa chuth.
Luo,An chiemo chiemo oyot.
Luo,In ndiko buk mos.
Luo,Wan temo dala ahinya.
Luo,Gin wuotho puodho maber.
Luo,Nyathi bedo tich rach.
Luo,Wuod tiyo ot tek.
Luo,Dhako keto yie moromo.
Luo,Chuo yudo pesa chuth.
Luo,An chiemo chiemo oyot.
Luo,In ndiko buk mos.
Luo,Wan temo dala ahinya.
Luo,Gin wuotho puodho maber.
Luo,Nyathi bedo tich rach.
Luo,Wuod tiyo ot tek.
Luo,Dhako keto yie moromo.
Luo,Chuo yudo pesa chuth.
Luo,An chiemo chiemo oyot.
Luo,In ndiko buk mos.
Luo,Wan temo dala ahinya.
Luo,Gin wuotho puodho maber.
Luo,Nyathi bedo tich rach.
Luo,Wuod tiyo ot tek.
Luo,Dhako keto yie moromo.
Luo,Chuo yudo pesa chuth.
Luo,An chiemo chiemo oyot.
Luo,In ndiko buk mos.
Luo,Wan temo dala ahinya.
Luo,Gin wuotho puodho maber.
Luo,Nyathi bedo tich rach.
Luo,Wuod tiyo ot tek.
Luo,Dhako keto yie moromo.
Luo,Chuo yudo pesa chuth.
Luo,An chiemo chiemo oyot.
Luo,In ndiko buk mos.
Luo,Wan temo dala ahinya.
Luo,Gin wuotho puodho maber.
Luo,Nyathi bedo tich rach.
Luo,Wuod tiyo ot tek.
Luo,Dhako keto yie moromo.
Luo,Chuo yudo pesa chuth.
Luo,An chiemo chiemo oyot.
Luo,In ndiko buk mos.
Luo,Wan temo dala ahinya.
Luo,Gin wuotho puodho maber.
Luo,Nyathi bedo tich rach.
Luo,Wuod tiyo ot tek.
Luo,Dhako keto yie moromo.
Luo,Chuo yudo pesa chuth.
Luo,An chiemo chiemo oyot.
Luo,In ndiko buk mos.
Luo,Wan temo dala ahinya.
Luo,Gin wuotho puodho maber.
Luo,Nyathi bedo tich rach.
Luo,Wuod tiyo ot tek.
Luo,Dhako keto yie moromo.
Luo,Chuo yudo pesa chuth.
Luo,An chiemo chiemo oyot.
Luo,In ndiko buk mos.
Luo,Wan temo dala ahinya.
Luo,Gin wuotho puodho maber.
Luo,Nyathi bedo tich rach.
Luo,Wuod tiyo ot tek.
Luo,Dhako keto yie moromo.
Luo,Chuo yudo pesa chuth.
Luo,An chiemo chiemo oyot.
Luo,In ndiko buk mos.
Luo,Wan temo dala ahinya.
Luo,Gin wuotho puodho maber.
Luo,Nyathi bedo tich rach.
Luo,Wuod tiyo ot tek.
Luo,Dhako keto yie moromo.
Luo,Chuo yudo pesa chuth.
Luo,An chiemo chiemo oyot.
Luo,In ndiko buk mos.
Luo,Wan temo dala ahinya.
Luo,Gin wuotho puodho maber.
Luo,Nyathi bedo tich rach.
Luo,Wuod tiyo ot tek.
Luo,Dhako keto yie moromo.
Luo,Chuo yudo pesa chuth.
Luo,An chiemo chiemo oyot.
Luo,In ndiko buk mos.
Luo,Wan temo dala ahinya.
Luo,Gin wuotho puodho maber.
Luo,Nyathi bedo tich rach.
Luo,Wuod tiyo ot tek.
Luo,Dhako keto yie moromo.
Luo,Chuo yudo pesa chuth.
Luo,An chiemo chiemo oyot.
Luo,In ndiko buk mos.
Luo,Wan temo dala ahinya.
Luo,Gin wuotho puodho maber.
Luo,Nyathi bedo tich rach.
Luo,Wuod tiyo ot tek.
Luo,Dhako keto yie moromo.
Luo,Chuo yudo pesa chuth.
Luo,An chiemo chiemo oyot.
Luo,In ndiko buk mos.
Luo,Wan temo dala ahinya.
Luo,Gin wuotho puodho maber.
Luo,Nyathi bedo tich rach.
Luo,Wuod tiyo ot tek.
Luo,Dhako keto yie moromo.
Luo,Chuo yudo pesa chuth.
Luo,An chiemo chiemo oyot.
Luo,In ndiko buk mos.
Luo,Wan temo dala ahinya.
Luo,Gin wuotho puodho maber.
Luo,Nyathi bedo tich rach.
Luo,Wuod tiyo ot tek.
Luo,Dhako keto yie moromo.
Luo,Chuo yudo pesa chuth.
Luo,An chiemo chiemo oyot.
Luo,In ndiko buk mos.
Luo,Wan temo dala ahinya.
Luo,Gin wuotho puodho maber.
Luo,Nyathi bedo tich rach.
Luo,Wuod tiyo ot tek.
Luo,Dhako keto yie moromo.
Luo,Chuo yudo pesa chuth.
Luo,An chiemo chiemo oyot.
Luo,In ndiko buk mos.
Luo,Wan temo dala ahinya.
Luo,Gin wuotho puodho maber.
Luo,Nyathi bedo tich rach.
Luo,Wuod tiyo ot tek.
Luo,Dhako keto yie moromo.
Luo,Chuo yudo pesa chuth.
Luo,An chiemo chiemo oyot.
Luo,In ndiko buk mos.
Luo,Wan temo dala ahinya.
Luo,Gin wuotho puodho maber.
Luo,Nyathi bedo tich rach.
Luo,Wuod tiyo ot tek.
Luo,Dhako keto yie moromo.
Luo,Chuo yudo pesa chuth.
Luo,An chiemo chiemo oyot.
Luo,In ndiko buk mos.
Luo,Wan temo dala ahinya.
Luo,Gin wuotho puodho maber.
Luo,Nyathi bedo tich rach.
Luo,Wuod tiyo ot tek.
Luo,Dhako keto yie moromo.
Luo,Chuo yudo pesa chuth.
Luo,An chiemo chiemo oyot.
Luo,In ndiko buk mos.
Luo,Wan temo dala ahinya.
Luo,Gin wuotho puodho maber.
Luo,Nyathi bedo tich rach.
Luo,Wuod tiyo ot tek.
Luo,Dhako keto yie moromo.
Luo,Chuo yudo pesa chuth.
Luo,An chiemo chiemo oyot.
Luo,In ndiko buk mos.
Luo,Wan temo dala ahinya.
Luo,Gin wuotho puodho maber.
Luo,Nyathi bedo tich rach.
Luo,Wuod tiyo ot tek.
Luo,Dhako keto yie moromo.
Luo,Chuo yudo pesa chuth.
Luo,An chiemo chiemo oyot.
Luo,In ndiko buk mos.
Luo,Wan temo dala ahinya.
Luo,Gin wuotho puodho maber.
Luo,Nyathi bedo tich rach.
Luo,Wuod tiyo ot tek.
Luo,Dhako keto yie moromo.
Luo,Chuo yudo pesa chuth.
Luo,An chiemo chiemo oyot.
Luo,In ndiko buk mos.
Luo,Wan temo dala ahinya.
Luo,Gin wuotho puodho maber.
Luo,Nyathi bedo tich rach.
Luo,Wuod tiyo ot tek.
Luo,Dhako keto yie moromo.
Luo,Chuo yudo pesa chuth.
Luo,An chiemo chiemo oyot.
Luo,In ndiko buk mos.
Luo,Wan temo dala ahinya.
Luo,Gin wuotho puodho maber.
Luo,Nyathi bedo tich rach.
Luo,Wuod tiyo ot tek.
Luo,Dhako keto yie moromo.
Luo,Chuo yudo pesa chuth.
Luo,An chiemo chiemo oyot.
Luo,In ndiko buk mos.
Luo,Wan temo dala ahinya.
Luo,Gin wuotho puodho maber.
Luo,Nyathi bedo tich rach.
Luo,Wuod tiyo ot tek.
Luo,Dhako keto yie moromo.
Luo,Chuo yudo pesa chuth.
Luo,An chiemo chiemo oyot.
Luo,In ndiko buk mos.
Luo,Wan temo dala ahinya.
Luo,Gin wuotho puodho maber.
Luo,Nyathi bedo tich rach.
Luo,Wuod tiyo ot tek.
Luo,Dhako keto yie moromo.
Luo,Chuo yudo pesa chuth.
Luo,An chiemo chiemo oyot.
Luo,In ndiko buk mos.
Luo,Wan temo dala ahinya.
Luo,Gin wuotho puodho maber.
Luo,Nyathi bedo tich rach.
Luo,Wuod tiyo ot tek.
Luo,Dhako keto yie moromo.
Luo,Chuo yudo pesa chuth.
Luo,An chiemo chiemo oyot.
Luo,In ndiko buk mos.
Luo,Wan temo dala ahinya.
Luo,Gin wuotho puodho maber.
Luo,Nyathi bedo tich rach.
Luo,Wuod tiyo ot tek.
Luo,Dhako keto yie moromo.
Luo,Chuo yudo pesa chuth.
Luo,An chiemo chiemo oyot.
Luo,In ndiko buk mos.
Luo,Wan temo dala ahinya.
Luo,Gin wuotho puodho maber.
Luo,Nyathi bedo tich rach.
Luo,Wuod tiyo ot tek.
Luo,Dhako keto yie moromo.
Luo,Chuo yudo pesa chuth.
Luo,An chiemo chiemo oyot.
Luo,In ndiko buk mos.
Luo,Wan temo dala ahinya.
Luo,Gin wuotho puodho maber.
Luo,Nyathi bedo tich rach.
Luo,Wuod tiyo ot tek.
Luo,Dhako keto yie moromo.
Luo,Chuo yudo pesa chuth.
Luo,An chiemo chiemo oyot.
Luo,In ndiko buk mos.
Luo,Wan temo dala ahinya.
Luo,Gin wuotho puodho maber.
Luo,Nyathi bedo tich rach.
Luo,Wuod tiyo ot tek.
Luo,Dhako keto yie moromo.
Luo,Chuo yudo pesa chuth.
Luo,An chiemo chiemo oyot.
Luo,In ndiko buk mos.
Luo,Wan temo dala ahinya.
Luo,Gin wuotho puodho maber.
Luo,Nyathi bedo tich rach.
Luo,Wuod tiyo ot tek.
Luo,Dhako keto yie moromo.
Luo,Chuo yudo pesa chuth.
Luo,An chiemo chiemo oyot.
Luo,In ndiko buk mos.
Luo,Wan temo dala ahinya.
Luo,Gin wuotho puodho maber.
Luo,Nyathi bedo tich rach.
Luo,Wuod tiyo ot tek.
Luo,Dhako keto yie moromo.
Luo,Chuo yudo pesa chuth.
Luo,An chiemo chiemo oyot.
Luo,In ndiko buk mos.
Luo,Wan temo dala ahinya.
Luo,Gin wuotho puodho maber.
Luo,Nyathi bedo tich rach.
Luo,Wuod tiyo ot tek.
Luo,Dhako keto yie moromo.
Luo,Chuo yudo pesa chuth.
Luo,An chiemo chiemo oyot.
Luo,In ndiko buk mos.
Luo,Wan temo dala ahinya.
Luo,Gin wuotho puodho maber.
Luo,Nyathi bedo tich rach.
Luo,Wuod tiyo ot tek.
Luo,Dhako keto yie moromo.
Luo,Chuo yudo pesa chuth.
Luo,An chiemo chiemo oyot.
Luo,In ndiko buk mos.
Luo,Wan temo dala ahinya.
Luo,Gin wuotho puodho maber.
Luo,Nyathi bedo tich rach.
Luo,Wuod tiyo ot tek.
Luo,Dhako keto yie moromo.
Luo,Chuo yudo pesa chuth.
Luo,An chiemo chiemo oyot.
Luo,In ndiko buk mos.
Luo,Wan temo dala ahinya.
Luo,Gin wuotho puodho maber.
Luo,Nyathi bedo tich rach.
Luo,Wuod tiyo ot tek.
Luo,Dhako keto yie moromo.
Luo,Chuo yudo pesa chuth.
Luo,An chiemo chiemo oyot.
Luo,In ndiko buk mos.
Luo,Wan temo dala ahinya.
Luo,Gin wuotho puodho maber.
Luo,Nyathi bedo tich rach.
Luo,Wuod tiyo ot tek.
Luo,Dhako keto yie moromo.
Luo,Chuo yudo pesa chuth.
Luo,An chiemo chiemo oyot.
Luo,In ndiko buk mos.
Luo,Wan temo dala ahinya.
Luo,Gin wuotho puodho maber.
Luo,Nyathi bedo tich rach.
Luo,Wuod tiyo ot tek.
Luo,Dhako keto yie moromo.
Luo,Chuo yudo pesa chuth.
Luo,An chiemo chiemo oyot.
Luo,In ndiko buk mos.
Luo,Wan temo dala ahinya.
Luo,Gin wuotho puodho maber.
Luo,Nyathi bedo tich rach.
Luo,Wuod tiyo ot tek.
Luo,Dhako keto yie moromo.
Luo,Chuo yudo pesa chuth.
Luo,An chiemo chiemo oyot.
Luo,In ndiko buk mos.
Luo,Wan temo dala ahinya.
Luo,Gin wuotho puodho maber.
Luo,Nyathi bedo tich rach.
Luo,Wuod tiyo ot tek.
Luo,Dhako keto yie moromo.
Luo,Chuo yudo pesa chuth.
Luo,An chiemo chiemo oyot.
Luo,In ndiko buk mos.
Luo,Wan temo dala ahinya.
Luo,Gin wuotho puodho maber.
Luo,Nyathi bedo tich rach.
Luo,Wuod tiyo ot tek.
Luo,Dhako keto yie moromo.
Luo,Chuo yudo pesa chuth.
Luo,An chiemo chiemo oyot.
Luo,In ndiko buk mos.
Luo,Wan temo dala ahinya.
Luo,Gin wuotho puodho maber.
Luo,Nyathi bedo tich rach.
Luo,Wuod tiyo ot tek.
Luo,Dhako keto yie moromo.
Luo,Chuo yudo pesa chuth.
Luo,An chiemo chiemo oyot.
Luo,In ndiko buk mos.
Luo,Wan temo dala ahinya.
Luo,Gin wuotho puodho maber.
Luo,Nyathi bedo tich rach.
Luo,Wuod tiyo ot tek.
Luo,Dhako keto yie moromo.
Luo,Chuo yudo pesa chuth.
Luo,An chiemo chiemo oyot.
Luo,In ndiko buk mos.
Luo,Wan temo dala ahinya.
Luo,Gin wuotho puodho maber.
Luo,Nyathi bedo tich rach.
Luo,Wuod tiyo ot tek.
Luo,Dhako keto yie moromo.
Luo,Chuo yudo pesa chuth.
Luo,An chiemo chiemo oyot.
Luo,In ndiko buk mos.
Luo,Wan temo dala ahinya.
Luo,Gin wuotho puodho maber.
Luo,Nyathi bedo tich rach.
Luo,Wuod tiyo ot tek.
Luo,Dhako keto yie moromo.
Luo,Chuo yudo pesa chuth.
Luo,An chiemo chiemo oyot.
Luo,In ndiko buk mos.
Luo,Wan temo dala ahinya.
Luo,Gin wuotho puodho maber.
Luo,Nyathi bedo tich rach.
Luo,Wuod tiyo ot tek.
Luo,Dhako keto yie moromo.
Luo,Chuo yudo pesa chuth.
Luo,An chiemo chiemo oyot.
Luo,In ndiko buk mos.
Luo,Wan temo dala ahinya.
Luo,Gin wuotho puodho maber.
Luo,Nyathi bedo tich rach.
Luo,Wuod tiyo ot tek.
Luo,Dhako keto yie moromo.
Luo,Chuo yudo pesa chuth.
Luo,An chiemo chiemo oyot.
Luo,In ndiko buk mos.
Luo,Wan temo dala ahinya.
Luo,Gin wuotho puodho maber.
Luo,Nyathi bedo tich rach.
Luo,Wuod tiyo ot tek.
Luo,Dhako keto yie moromo.
Luo,Chuo yudo pesa chuth.
Luo,An chiemo chiemo oyot.
Luo,In ndiko buk mos.
Luo,Wan temo dala ahinya.
Luo,Gin wuotho puodho maber.
Luo,Nyathi bedo tich rach.
Luo,Wuod tiyo ot tek.
Luo,Dhako keto yie moromo.
Luo,Chuo yudo pesa chuth.
Luo,An chiemo chiemo oyot.
Luo,In ndiko buk mos.
Luo,Wan temo dala ahinya.
Luo,Gin wuotho puodho maber.
Luo,Nyathi bedo tich rach.
Luo,Wuod tiyo ot tek.
Luo,Dhako keto yie moromo.
Luo,Chuo yudo pesa chuth.
Luo,An chiemo chiemo oyot.
Luo,In ndiko buk mos.
Luo,Wan temo dala ahinya.
Luo,Gin wuotho puodho maber.
Luo,Nyathi bedo tich rach.
Luo,Wuod tiyo ot tek.
Luo,Dhako keto yie moromo.
Luo,Chuo yudo pesa chuth.
Luo,An chiemo chiemo oyot.
Luo,In ndiko buk mos.
Luo,Wan temo dala ahinya.
Luo,Gin wuotho puodho maber.
Luo,Nyathi bedo tich rach.
Luo,Wuod tiyo ot tek.
Luo,Dhako keto yie moromo.
Luo,Chuo yudo pesa chuth.
Luo,An chiemo chiemo oyot.
Luo,In ndiko buk mos.
Luo,Wan temo dala ahinya.
Luo,Gin wuotho puodho maber.
Luo,Nyathi bedo tich rach.
Luo,Wuod tiyo ot tek.
Luo,Dhako keto yie moromo.
Luo,Chuo yudo pesa chuth.
Sheng,"Niaje msee, uko poa?"
Sheng,"Mambo vipi bro, uko sawa?"
Sheng,"Sema chief, umefika lini?"
Sheng,"Poa sana fam, niko tu."
Sheng,Uko fit leo ama una stress?
Sheng,"Haujambo dude, umekula?"
Sheng,"Wasup manze, umefanya nini leo?"
Sheng,"Niaje mtu, sawa kabisa."
Sheng,"Sema wewe, uko juu."
Sheng,"Mambo chief, unaendaje?"
Sheng,"Niaje buda, umekaa sawa?"
Sheng,"Uko cool msee, niko hapa."
Sheng,"Sema fam, tunaendaje leo?"
Sheng,"Haujambo bro, niko poa sana."
Sheng,"Wasup chief, unakunywa nini?"
Sheng,"Niaje manze, tumekaa form."
Sheng,"Sema dude, niambie ukweli."
Sheng,Uko fit poa buda?
Sheng,"Mambo mtu wangu, unapiga nini?"
Sheng,"Niaje wewe, tuko wapi saa hii?"
Sheng,Tuende base yake usiku huu.
Sheng,Niko na plan ya tushoot CBD.
Sheng,Tuseme tukutane hapo stage saa nne.
Sheng,Unaweza kufika ama una bidii?
Sheng,Kesho tutaenda chips funga place mpya.
Sheng,Uko down tushoot karao?
Sheng,"Tunaenda show ya usiku, uko?"
Sheng,"Base yake ni poa sana, tufike."
Sheng,"Leo nitashoot town, unataka kuja?"
Sheng,Tufanye plan ya weekend hii.
Sheng,"Niko na dame, hatuwezi kuja."
Sheng,Wewe na wenzako mfike mapema.
Sheng,Tuseme tukae hapo kwa Kevo.
Sheng,Tunapiga gari saa ngapi?
Sheng,Uko down kushoot malls?
Sheng,Fika hapo club saa sita.
Sheng,Niko plan tutaenda beach kesho.
Sheng,Tushoot nyumba yake usiku.
Sheng,"Saa nane uwe hapo, usichelewe."
Sheng,Niambie ukiwa tayari twende.
Sheng,"Niko na kitu kidogo, siko na pesa sana."
Sheng,Uko na doh ama umekaukia?
Sheng,"Sina cent bro, nimekaukia kabisa."
Sheng,Unapea mimi doh kidogo nirudishie.
Sheng,"Kazi imenilipa leo, niko na mkoba."
Sheng,"Usiomba pesa tena, unajua ninakukimbia."
Sheng,"Niko na ka-doh, tuweze kula."
Sheng,"Pesa imepotea, sijui ilikwenda wapi."
Sheng,Sina doh leo lakini kesho ntakuwa sawa.
Sheng,"Ulinipa loan, nitarudisha wiki ijayo."
Sheng,"Niko broke kabisa, usiniambie hiyo."
Sheng,"Kausha mkoba wako, una mzigo."
Sheng,"Nimepata side hustle, inaniingizia ka-pesa."
Sheng,Ulipata fare ama utaenda gari gani?
Sheng,"Mkoba wake ni mzuri, ana vitu."
Sheng,"Sina mbao, usiomba leo."
Sheng,"Ameniomba loan tena, siezi."
Sheng,"Niko na ka-kitu, tuende chipsi."
Sheng,Umesave pesa yako ama umikia?
Sheng,Doh imekimbia kabla sijajua.
Sheng,Tukae hapa tukule ugali wa mama.
Sheng,Uko na njaa ama ulishalipa?
Sheng,Naambia buda hiyo chipsi ilikuwa poa.
Sheng,Mama amepika kitu kipoa leo nyumbani.
Sheng,Nilikula vibaya usiku wa jana.
Sheng,Hapo mtaani kuna chakula poa sana.
Sheng,Unapenda nyama choma ama ugali samaki?
Sheng,Nilifika canteen nikakuta imefungwa.
Sheng,"Watu wanaenda kula lunch, tuje."
Sheng,Hizi mandazi za hapo zinapendeza sana.
Sheng,Nikule kitu kidogo nienjoy usiku.
Sheng,Kuku wa hapo stage ni poa.
Sheng,"Tumia akili, usile sana."
Sheng,Hizo chips funga zilikuwa za moto.
Sheng,"Alikula kitu kibaya, ana tumbo."
Sheng,"Niko hungry sana, tuende tule."
Sheng,"Mama alipika pilau, nilifurahi sana."
Sheng,Hii chapati ni ya poa kabisa.
Sheng,Chakula cha nyumbani ni the best.
Sheng,Ulikula breakfast ama ulipita?
Sheng,Nitapanda mat moja niende home.
Sheng,"Gari imejaa, subiri nyingine bro."
Sheng,Nilikimbia kukimbia mat nilikosa.
Sheng,Tukutane stage ya Westlands.
Sheng,"Fare imepanda tena, watu wanalalamika."
Sheng,Niliingia bodaboda nikaenda haraka.
Sheng,Conductor alinisumbua sana leo.
Sheng,Mat ilichelewa sana asubuhi.
Sheng,Nitaweka fare mbao nyingine ya nyumbani.
Sheng,Buda alinisaidia fare nilifika.
Sheng,Tuende kwa basi ya usiku.
Sheng,"Gari imepigwa, alikuwa na bahati."
Sheng,Pikipiki ni njia ya haraka zaidi.
Sheng,Nilikimbia nikapanda last mat.
Sheng,Nimeenda na gari ya ndugu.
Sheng,"Kuja haraka, mat iko tayari."
Sheng,Treni imechelewa tena leo asubuhi.
Sheng,"Tuende walking, si mbali sana."
Sheng,Nilifuata barabara peke yangu.
Sheng,Fare ya town ni ngapi leo?
Sheng,"Exam iko kesho, nimechoka kusoma."
Sheng,Mwalimu alituacha kazi nyingi sana.
Sheng,"Nilipitisha mtihani kidogo tu, niko sawa."
Sheng,Darasa letu ni la fun sana.
Sheng,Watoto wengine wamenikatia notes.
Sheng,"Nilisoma usiku wote, niko ngangari."
Sheng,Tusome pamoja kesho asubuhi.
Sheng,"Sijui jibu la swali hilo, niambie."
Sheng,Mwalimu huyu ni mkali sana shule.
Sheng,"Hatujafanya assignment, tutapigwa."
Sheng,Results za last term zilikuwa poa.
Sheng,Mwaka huu nahitaji passes zangu.
Sheng,"Darasa limeanza, nakimbia haraka."
Sheng,Nimeandika notes zangu sawa sawa.
Sheng,Wenzangu wanasoma library kila siku.
Sheng,"Tuliambia mwalimu hatujui, alicheka."
Sheng,Notes zangu ziko kwa rafiki yangu.
Sheng,Semester hii ni ngumu sana kweli.
Sheng,Nilikuwa nasoma mpaka usiku wa manane.
Sheng,"Exam imeniua, sijui kama nitapita."
Sheng,Dame yake ni wa poa sana.
Sheng,Alinipea number yake usiku.
Sheng,"Tuko together, wachana na sisi."
Sheng,"Alinichat usiku, nilifurahi sana."
Sheng,Nimemiss dame yangu sana hii wiki.
Sheng,"Yeye ni mchungu, amenikatia."
Sheng,"Tukiwa pamoja, world ni nzuri."
Sheng,Aliniambia anampenda lakini ana mwingine.
Sheng,"Niko single, sijali sana bado."
Sheng,"Tulibreak up, niko sawa na hiyo."
Sheng,"Yeye ni moto sana, naomba nione."
Sheng,"Aliniomba nisaidie, nilifurahi."
Sheng,Tunaenda date Jumamosi hii.
Sheng,"Amenipigia simu, naomba itoke vizuri."
Sheng,"Nampenda sana, hatuwezi kuachana."
Sheng,Alinidrop usiku baada ya show.
Sheng,Mpenzi wangu ameniambia ukweli.
Sheng,"Tunakaa pamoja, ni poa sana."
Sheng,Alinikatalia mbele ya marafiki.
Sheng,"Niko na feelings, sijui niseme nini."
Sheng,Buda wangu ni wa real kabisa.
Sheng,Genge letu linajuana vizuri sana.
Sheng,Rafiki yangu alini-support wakati mgumu.
Sheng,"Tuko squad moja, hatuvunjwi."
Sheng,Alinidrop vibaya mbele ya watu.
Sheng,Tulikuwa pamoja tangu wadogo sana.
Sheng,"Mtu huyu ni fake, achana naye."
Sheng,Kila mtu wetu ana role yake.
Sheng,Wenzangu wanajua kila kitu kuhusu mimi.
Sheng,Tulifanya hangout poa sana jana.
Sheng,"Yeye ni loyal sana, mtu wa trust."
Sheng,Squad yetu inafanya mambo makubwa.
Sheng,Tumekuwa friends miaka mingi sana.
Sheng,Rafiki wa kweli hukuacha wakati mgumu.
Sheng,Tukipanga kitu tunafanya pamoja.
Sheng,Buda yangu aliniambia ukweli mzuri.
Sheng,"Wengine ni haters tu, wachana nao."
Sheng,Tukiwa pamoja tunafurahi sana.
Sheng,Kila mtu ana siri yake ndogo.
Sheng,Genge letu litakuwa kubwa siku moja.
Sheng,"Niko na kazi mpya, nimeanza wiki."
Sheng,Biashara yangu inaenda vizuri sana.
Sheng,Huyo boss wake ni mkali sana.
Sheng,"Nimeomba interview, nasubiri jibu."
Sheng,Kazi yangu inachosha lakini inanilipa.
Sheng,Side hustle ndiyo inanisaidia zaidi.
Sheng,Tumefanya deal nzuri leo asubuhi.
Sheng,Ofisi yetu imehama mahali mpya.
Sheng,"Niko na deadline kesho, nachoka."
Sheng,Biashara ndogo ndogo ndiyo zinavuma.
Sheng,Alipandishwa cheo mpya wiki hii.
Sheng,"Nimeachwa kazi, niko job hunting."
Sheng,Kazi ya contractor ni ya hatari.
Sheng,Hustle yake inafanya vizuri sana.
Sheng,Niliingia interview nikawacha wao.
Sheng,Mkubwa alitupa waraka leo.
Sheng,Niko na meetings nyingi asubuhi.
Sheng,Sisi tunafanya kazi hard bila kupumzika.
Sheng,Alinishow jinsi ya kufanya biashara.
Sheng,"Niko employed, mungu asifiwe."
Sheng,Usiku wa jana show ilikuwa banger.
Sheng,DJ alicheza set ya moto sana.
Sheng,Tulienda club na squad usiku.
Sheng,Vibes za usiku zilikuwa za poa.
Sheng,Alipiga freestyle mzuri stage.
Sheng,Genge letu lilishika dance floor.
Sheng,Muziki wa leo ni bora sana.
Sheng,Tulifanya turn up mpaka asubuhi.
Sheng,Show ya Nairobi ilikuwa ngangari.
Sheng,Nilitembelea concert ya mtu wangu.
Sheng,Nyimbo zake zinanikumbusha mambo.
Sheng,Rave ya jana ilikuwa hit kabisa.
Sheng,Mtu yule anaimba vizuri sana.
Sheng,Wachezaji wa stage walikuwa fire.
Sheng,Crew yake imefanya kazi vizuri.
Sheng,Party ilichomeka saa nne usiku.
Sheng,DJ alitupa afrobeats za kuchomeka.
Sheng,"Sisi tulifika late, vibes bado ziko."
Sheng,Show ya Jumamosi ni ya kusubiri.
Sheng,Nitafika concert ya mwisho wa mwezi.
Sheng,Nimechoka na mambo ya hapa.
Sheng,Watu wa hapa wananisumbua sana.
Sheng,Hii shida imenikaa muda mrefu.
Sheng,Sina amani na hali ya sasa.
Sheng,"Kila siku ni vita, nimechoka."
Sheng,Wenzangu hawanisaidii wakati mzuri.
Sheng,"Hii mji imeniua, sina utulivu."
Sheng,Familia yangu hainielevi vizuri.
Sheng,Nimejaribu sana lakini mambo hayabadiliki.
Sheng,Hakuna mtu anayenisikiliza hapa.
Sheng,Nimechoka na excuses za watu.
Sheng,Kila kitu kinaenda wrong kwangu.
Sheng,Siamini hali yangu sasa hivi.
Sheng,Buda yule haniamini bila sababu.
Sheng,Nimesema ukweli bado hawaamini.
Sheng,Life inakuchosha unajua ukweli huo.
Sheng,Nimekuwa na stress nyingi sana.
Sheng,Kila mtu ana opinion yake yangu.
Sheng,Hii situation imenifanya nikae chini.
Sheng,Sijui nifanye nini na hali hii.
Sheng,Umeona post yake kwenye Insta?
Sheng,Alituma snap ya poa sana.
Sheng,"Phone yangu imekufa, niko offline."
Sheng,Twitter ilikuwa na drama jana.
Sheng,Niliweka status yangu ya mpya leo.
Sheng,Nilifuata account yake tangu jana.
Sheng,Videos zake za TikTok zinachekesha.
Sheng,"Data yangu imeisha, nipe WiFi."
Sheng,Aliunfollow mimi bila sababu.
Sheng,"Nimeweka selfie mpya, likes zinaongezeka."
Sheng,Recharge yangu imeisha kabla ya usiku.
Sheng,WhatsApp yake imeblock yangu.
Sheng,Nilipost kitu watu wameshare sana.
Sheng,Phone yangu screen imevunjika leo.
Sheng,Charger yangu imepotea tena.
Sheng,Nitadownload hiyo app leo usiku.
Sheng,Niliwatch series mpya mpaka asubuhi.
Sheng,Algorithm ya Instagram inanichekesha.
Sheng,Alikuwa online lakini hajajibu.
Sheng,Nilifanya update ya phone yangu.
Sheng,Mtaani kwetu kuna mambo mengi.
Sheng,Watoto wa jirani ni wa kelele.
Sheng,Kijiji chetu kinaendelea vizuri sana.
Sheng,Barabara ya nyumba imejengwa vizuri.
Sheng,Hapo kona kuna watu wanaosha gari.
Sheng,Mtaa wetu ni wa furaha sana.
Sheng,Duka la mama wa jirani lina bei nzuri.
Sheng,Watoto wa mtaani wanacheza barabarani.
Sheng,Jirani yetu amehama alikwenda wapi?
Sheng,Nyumba za hapo hazina bei nzuri.
Sheng,Watu wa mtaa wanajuana wote.
Sheng,Gari la police ilipita mtaani.
Sheng,Watoto wa shule wanapita kila asubuhi.
Sheng,Hapo stage kuna vibanda vya chips.
Sheng,Mzee wa mtaa anajua kila kitu.
Sheng,"Jirani aliniomba sukari, nimempa."
Sheng,Mtaani kwetu ni salama sana usiku.
Sheng,Hapo nyumba mpya imejengwa haraka.
Sheng,Kila siku ninaona watu wapya mtaa.
Sheng,Nyumba ya jirani inapiga kelele.
Sheng,Siku moja nitafika juu kabisa.
Sheng,Ndoto zangu ni kubwa sana.
Sheng,Nataka kujenga nyumba ya mama yangu.
Sheng,Mwaka ujao nitaenda nje ya nchi.
Sheng,Kila kitu ninachofanya ni kwa familia.
Sheng,Nitafanikiwa bila kujali wanaosema.
Sheng,Ndoto zangu zitafanikiwa muda wake.
Sheng,Naomba mungu anisaidie kila wakati.
Sheng,Siku ya kesho itakuwa nzuri zaidi.
Sheng,Nitafanya kila kitu kwa nguvu zangu.
Sheng,Maisha yangu yatakuwa mazuri sana.
Sheng,Nitasaidia familia yangu siku moja.
Sheng,Nataka mafanikio ya kweli maishani.
Sheng,Juhudi zangu zitatoa matunda mazuri.
Sheng,Siwezi kukata tamaa sasa hivi.
Sheng,Nitashinda hata kama inachukua muda.
Sheng,"Goal yangu ni kubwa, nitafika."
Sheng,Mungu atanisaidia kufanikiwa maishani.
Sheng,Naomba siku njema kila asubuhi.
Sheng,Ntafanya vizuri kwa sababu ya mama.
Sheng,"Mvua inakuja, chukua mwavuli."
Sheng,Leo jua ni kali sana nje.
Sheng,Baridi ya usiku inanisumbua sana.
Sheng,"Mvua ilinyesha usiku, barabara zimejaa."
Sheng,Leo hewa ni safi sana nje.
Sheng,Upepo mkali uko leo asubuhi.
Sheng,"Jua limechomeka, niko ndani tu."
Sheng,Mvua ya leo ilisababisha mafuriko.
Sheng,Usiku wa leo ni wa baridi.
Sheng,Hewa ya Nairobi inachafuka sana.
Sheng,Niko na maumivu ya kichwa leo.
Sheng,Nilikwenda kliniki jana asubuhi.
Sheng,Dawa ya daktari inanisaidia vizuri.
Sheng,"Nimeanza gym, mwili unaanza forma."
Sheng,Usiku mzuri wa usingizi ndiyo dawa.
Sheng,Nimekuwa nikila healthy zaidi sasa.
Sheng,Mazoezi ya asubuhi yanafaa sana.
Sheng,Nilikuwa mgonjwa wiki iliyopita.
Sheng,"Niko fit sasa, gym imefanya kazi."
Sheng,Afya ni bora kuliko mali yote.
Sheng,"Nimepumzika vizuri, niko sawa sasa."
Sheng,Daktari alisema ninywe maji mengi.
Sheng,Maumivu ya mguu yamenisumbua sana.
Sheng,Nimeanza kula mboga zaidi kwa afya.
Sheng,Kupumzika vizuri ni muhimu sana.
Sheng,"Sijisikii vizuri, nitakaa nyumbani."
Sheng,Hospitali ilikuwa na watu wengi.
Sheng,Dawa mpya inanifanya ninzuri zaidi.
Sheng,Nifanye check-up mara kwa mara.
Sheng,Mazoezi yanafanya mwili kuwa fresh.
Sheng,Umesikia habari za huyo mtu?
Sheng,Watu wanasema mambo mengi kuhusu yeye.
Sheng,Drama ya jana ilikuwa kubwa sana.
Sheng,Alimkatia mbele ya watu wote.
Sheng,Habari zake zimeenea mtaani wote.
Sheng,"Sina uongo, nilikuwepo nikaona."
Sheng,Watu hawajui ukweli wa mambo hayo.
Sheng,Yeye na mwenzake wamegombana sana.
Sheng,Nimesikia kitu kinachonishangaza.
Sheng,Msemaji hawajui ukweli kamili.
Sheng,Drama yao imenifurahisha kidogo tu.
Sheng,Watu wengi wanajua mambo yake.
Sheng,Alitoa siri ya mwenzake hadharani.
Sheng,Mambo ya watu usiyaingilii bure.
Sheng,Habari hii ni ya kweli kabisa.
Sheng,Familia yao ina drama nyingi.
Sheng,Alibishana na boss wake mbele ya wote.
Sheng,Ukweli utajulikana siku moja.
Sheng,"Wacha watu waseme, endelea mbele."
Sheng,Habari mbaya husafiri haraka sana.
Sheng,"Endelea kusonga mbele, utafanikiwa."
Sheng,"Usikate tamaa, bado kuna muda."
Sheng,Kazi ngumu italeta matunda mazuri.
Sheng,"Jaribu tena, mara hii utafanikiwa."
Sheng,Nguvu zako ni kubwa kuliko unavyodhani.
Sheng,Kila siku ni chance mpya ya kujaribu.
Sheng,Usisikize wale wanaokudhoofisha.
Sheng,Wewe una uwezo wa kufanikisha.
Sheng,Jua linaweza kuchomeka baada ya mvua.
Sheng,"Maisha yanabadilika, subiri wakati wako."
Sheng,Kila kizuizi ni somo la kujifunza.
Sheng,"Bado uko hai, bado kuna matumaini."
Sheng,Tekeleza ndoto yako bila woga.
Sheng,"Wengine walifanikiwa, wewe pia utaweza."
Sheng,Kesho ni siku mpya ya mwanzo mpya.
Sheng,Thamani yako ni kubwa sana.
Sheng,"Jiamini, unaweza kufanikiwa."
Sheng,Hatua ndogo ndogo zinafika mbali.
Sheng,Mungu ana mpango mzuri kwako.
Sheng,Usiacha ndoto yako ikuangalie tu.
Sheng,"Niaje chief, tumekaa form leo."
Sheng,Msee huyu ni wa real kabisa.
Sheng,Vibes za leo ni za poa sana.
Sheng,Cheki hii kitu kidogo nikusaidie.
Sheng,"Umefanya kazi vizuri, hongera sana."
Sheng,Buda yangu ni mtu wa trust.
Sheng,Hii mambo inanichekesha sana kweli.
Sheng,Cheki jinsi anavyocheza ball.
Sheng,"Niko juu, mambo ni mazuri."
Sheng,Tuseme saa ngapi tukutane sawa.
Sheng,"Niaje mtu, una kitu cha kusema?"
Sheng,Hii place ni ya poa sana.
Sheng,Kuja hapa tuongee kitu kidogo.
Sheng,Niko na plan mzuri sana.
Sheng,Unaeza nisaidia kidogo tu bro?
Sheng,Hii lifestyle inafaa sana kweli.
Sheng,Watu wa poa wanajuana vizuri.
Sheng,"Naenda home saa hii, baadaye."
Sheng,Nitarudi kesho asubuhi mapema.
Sheng,"Sawa kabisa, tutaonana hivi karibuni."
Sheng,Uko na muda kidogo tuongee?
Sheng,Nilikuwa nikisubiri muda mrefu sana.
Sheng,"Hatimaye umefika, nilikuwa na wasiwasi."
Sheng,Leo nilifanya kitu kikubwa kabisa.
Sheng,Unaona jinsi mambo yanavyobadilika?
Sheng,"Nimejaribu kila kitu, haifanyi kazi."
Sheng,Watu wa hapa wananikatia mchezo.
Sheng,Nitakuambia kitu kwa siri kidogo.
Sheng,Mambo ya usiku ni mazuri zaidi.
Sheng,Niliona kitu mpya leo mjini.
Sheng,Wewe unajua mengi kuhusu hili.
Sheng,Nimefanya uamuzi wa kubadilisha kila kitu.
Sheng,Saa hii siyo wakati mzuri wa kuja.
Sheng,"Nitakupigia baadaye, niko busy."
Sheng,Umebeba nini pale mfukoni mwako?
Sheng,Nisaidie kuelewa hii situation.
Sheng,Kama una shida niambie tu.
Sheng,"Sawa buda, tutaongea baadaye."
Sheng,Niambie kwa ufupi mambo yaliyotokea.
Sheng,Ulifanya vizuri sana leo.
Sheng,Ninapenda kucheza ball na marafiki.
Sheng,Usiku wa kuwatch movies ni poa.
Sheng,Mziki mpya wa Kenya unakucheza.
Sheng,Nilicheza game mpya leo usiku.
Sheng,Naenda kuwatch match ya leo usiku.
Sheng,Nilisoma kitabu kipya hii wiki.
Sheng,Niko na hobby ya kupika chakula.
Sheng,Ninapenda kusikiliza bongo flava.
Sheng,Painting yangu ilikuwa nzuri sana.
Sheng,Nilienda gym na buda jana.
Sheng,Naomba niangalie series mpya leo.
Sheng,Nilifanya kitu kipya cha kufurahisha.
Sheng,Drawing zangu zinaendelea vizuri.
Sheng,Weekend nzuri ni ile ya kupumzika.
Sheng,Nimesoma book nzuri sana hii wiki.
Sheng,Naenda kusafiri nchini siku moja.
Sheng,Ninapenda mazingira ya asili sana.
Sheng,Hiking ni activity nzuri sana.
Sheng,Nilicheza chess na mzee jana.
Sheng,Hobby yangu ya cooking inafurahi sana.
Sheng,Mungu ananisaidia kila saa saa.
Sheng,Nilienda kanisa Jumapili kwa nguvu.
Sheng,Maombi yanafanya kazi kweli kweli.
Sheng,Mungu ana baraka nyingi kwangu.
Sheng,Ninaomba kila asubuhi nikiamka.
Sheng,Imani yangu inanipatia nguvu.
Sheng,Asante Mungu kwa siku hii nzuri.
Sheng,Hakuna kitu kisichowezekana kwa Mungu.
Sheng,Nitaendelea kuomba bila kusimama.
Sheng,Baraka za Mungu zinanifunika sana.
Sheng,Aki unajua mambo mengi sana.
Sheng,"Cheki hapa, ninapiga jeki leo."
Sheng,"Nimekaa chini, niko chill saa hii."
Sheng,"Buda, hiyo ni ukweli wa moja kwa moja."
Sheng,Inabidi nikubali mambo yalivyo.
Sheng,Niko na hamu ya kufanya kitu kipya.
Sheng,Mambo yanakuja vizuri polepole.
Sheng,"Nikae hapa kidogo tu, nitaenda."
Sheng,Sina tatizo na wewe kabisa.
Sheng,Tunaweza kutatua hii pamoja.
Sheng,Nilikuwa na mawazo mengi usiku.
Sheng,Nimefurahi kukuona leo hapa.
Sheng,Tukae chini tufikirie pamoja.
Sheng,Naomba wakati mzuri na wewe.
Sheng,Unastahili mambo mazuri maishani.
Sheng,Sitasahau siku hii ya leo.
Sheng,"Ulikuwa ukweli sana, asante sana."
Sheng,Nimejifunza kitu kipya leo.
Sheng,Kila mtu ana safari yake maishani.
Sheng,Tunaweza kuanza upya leo hii.
Sheng,Deal ya leo ilikuwa ya moto.
Sheng,Mteja wetu mpya amekubali bei.
Sheng,Biashara inakua polepole lakini vizuri.
Sheng,Nimefungua akaunti ya biashara mpya.
Sheng,Faida ya mwezi huu ni nzuri.
Sheng,Partner wangu amefanya kazi vizuri.
Sheng,Wateja wetu wanafurahi na huduma.
Sheng,Mwaka huu lengo ni kubwa sana.
Sheng,Nimeandika business plan yangu mpya.
Sheng,Benki iliniambia kukamilisha maombi.
Sheng,Serikali inajaribu kuboresha hali.
Sheng,Watu wa mjini wana maisha magumu.
Sheng,Vijana wa leo wana nguvu na ujanja.
Sheng,Elimu ndiyo ufunguo wa mafanikio.
Sheng,Kenya inakua kila siku zaidi.
Sheng,Watu wa vijijini pia wanastahili.
Sheng,Teknolojia inabadilisha kila kitu.
Sheng,Umoja wa watu ni nguvu kubwa.
Sheng,Kesho ya Kenya itakuwa nzuri zaidi.
Sheng,Vijana ndio nguvu ya taifa letu.
Sheng,Uliamka saa ngapi leo asubuhi?
Sheng,Nilikuwa natafuta kitu tangu jana.
Sheng,Huyo mtu ananijua vizuri sana.
Sheng,Tulizungumza muda mrefu usiku jana.
Sheng,Nimeona kitu kipya kwenye mtandao.
Sheng,Aniambie ukweli wa hii hali.
Sheng,"Nilifanya kosa, ninaomba msamaha."
Sheng,Sitabadilisha uamuzi wangu hata kidogo.
Sheng,Kila mtu ana haki ya kusema.
Sheng,Ninapenda jinsi unavyofanya kazi.
Sheng,Tumebadilika sana tangu wakati ule.
Sheng,Haikuwa rahisi lakini tulifanikisha.
Sheng,Sasa hivi niko vizuri kabisa.
Sheng,Nimewashukuru wote walionisc.
Sheng,Nitakuwa hapa kama ukihitaji.
Sheng,Usisahau kuja kesho asubuhi.
Sheng,Ninakupenda kwa sababu wewe ni wewe.
Sheng,Tulikuwa na wakati mzuri sana.
Sheng,Itakuwa vizuri tukuwe pamoja tena.
Sheng,Asante kwa kila kitu ulichofanya.
Sheng,"Niaje demu, uko na style."
Sheng,Mzigo wake ni mzito sana kweli.
Sheng,Tumia kichwa chako vizuri sana.
Sheng,"Akili yako ni ya poa, itumie."
Sheng,Saa ngapi wewe unakuja nyumbani?
Sheng,Nimemiss familia yangu sana sana.
Sheng,Leo ni siku ya kusherehekea.
Sheng,Nisaidie kubeba mzigo huu kidogo.
Sheng,Mambo ya leo yanafurahisha sana.
Sheng,Nitakupigia check baadaye usiku.
Sheng,Umejifunza kitu kipya leo?
Sheng,Nimekuwa nikifanya mazoezi ya akili.
Sheng,Sio rahisi lakini inawezekana kabisa.
Sheng,Cheki hii trick niliifunza leo.
Sheng,Buda yangu amefika kutoka mbali.
Sheng,Ninapenda sana hali ya hapa.
Sheng,Ulikuwa unajua hii tangu lini?
Sheng,Nimeshangaa jinsi mambo yalivyotokea.
Sheng,Tuweze kufanya kitu pamoja leo.
Sheng,Ninaomba utanisaidia siku nyingine.
Sheng,"Sawa, tutaonana baadaye cheki."
Sheng,"Naenda, baadaye tuongee zaidi."
Sheng,Pole lazima niende sasa hivi.
Sheng,"Nitarudi, subiri kidogo tu."
Sheng,"Sawa sawa, tuendelee kesho."
Sheng,"Take care, usisahau kunipigia."
Sheng,"Baadaye buda, nilikuwa poa."
Sheng,"Ondoka salama, tuonane karibuni."
Sheng,"Sawa, stay safe usiku wote."
Sheng,Nitakutext ukifika nyumbani.
Sheng,"Bye chief, mambo ni mazuri."
Sheng,"Nakushukuru, utakuwa sawa."
Sheng,Niende nikiwa na furaha.
Sheng,Tutaonana wiki ijayo buda.
Sheng,"Sawa manze, keep it real."
Sheng,Tunaendelea kesho bila shaka.
Sheng,"Sawa fam, niko na wewe."
Sheng,"Ondoka vizuri, tumalize vizuri."
Sheng,"Asante tena, mambo ni sawa."
Sheng,Tutaonana hivi karibuni sana.
Sheng,"Niaje msee, uko poa?"
Sheng,"Mambo vipi bro, uko sawa?"
Sheng,"Sema chief, umefika lini?"
Sheng,"Poa sana fam, niko tu."
Sheng,Uko fit leo ama una stress?
Sheng,"Haujambo dude, umekula?"
Sheng,"Wasup manze, umefanya nini leo?"
Sheng,"Niaje mtu, sawa kabisa."
Sheng,"Sema wewe, uko juu."
Sheng,"Mambo chief, unaendaje?"
Sheng,"Niaje buda, umekaa sawa?"
Sheng,"Uko cool msee, niko hapa."
Sheng,"Sema fam, tunaendaje leo?"
Sheng,"Haujambo bro, niko poa sana."
Sheng,"Wasup chief, unakunywa nini?"
Sheng,"Niaje manze, tumekaa form."
Sheng,"Sema dude, niambie ukweli."
Sheng,Uko fit poa buda?
Sheng,"Mambo mtu wangu, unapiga nini?"
Sheng,"Niaje wewe, tuko wapi saa hii?"
Sheng,Tuende base yake usiku huu.
Sheng,Niko na plan ya tushoot CBD.
Sheng,Tuseme tukutane hapo stage saa nne.
Sheng,Unaweza kufika ama una bidii?
Sheng,Kesho tutaenda chips funga place mpya.
Sheng,Uko down tushoot karao?
Sheng,"Tunaenda show ya usiku, uko?"
Sheng,"Base yake ni poa sana, tufike."
Sheng,"Leo nitashoot town, unataka kuja?"
Sheng,Tufanye plan ya weekend hii.
Sheng,"Niko na dame, hatuwezi kuja."
Sheng,Wewe na wenzako mfike mapema.
Sheng,Tuseme tukae hapo kwa Kevo.
Sheng,Tunapiga gari saa ngapi?
Sheng,Uko down kushoot malls?
Sheng,Fika hapo club saa sita.
Sheng,Niko plan tutaenda beach kesho.
Sheng,Tushoot nyumba yake usiku.
Sheng,"Saa nane uwe hapo, usichelewe."
Sheng,Niambie ukiwa tayari twende.
Sheng,"Niko na kitu kidogo, siko na pesa sana."
Sheng,Uko na doh ama umekaukia?
Sheng,"Sina cent bro, nimekaukia kabisa."
Sheng,Unapea mimi doh kidogo nirudishie.
Sheng,"Kazi imenilipa leo, niko na mkoba."
Sheng,"Usiomba pesa tena, unajua ninakukimbia."
Sheng,"Niko na ka-doh, tuweze kula."
Sheng,"Pesa imepotea, sijui ilikwenda wapi."
Sheng,Sina doh leo lakini kesho ntakuwa sawa.
Sheng,"Ulinipa loan, nitarudisha wiki ijayo."
Sheng,"Niko broke kabisa, usiniambie hiyo."
Sheng,"Kausha mkoba wako, una mzigo."
Sheng,"Nimepata side hustle, inaniingizia ka-pesa."
Sheng,Ulipata fare ama utaenda gari gani?
Sheng,"Mkoba wake ni mzuri, ana vitu."
Sheng,"Sina mbao, usiomba leo."
Sheng,"Ameniomba loan tena, siezi."
Sheng,"Niko na ka-kitu, tuende chipsi."
Sheng,Umesave pesa yako ama umikia?
Sheng,Doh imekimbia kabla sijajua.
Sheng,Tukae hapa tukule ugali wa mama.
Sheng,Uko na njaa ama ulishalipa?
Sheng,Naambia buda hiyo chipsi ilikuwa poa.
Sheng,Mama amepika kitu kipoa leo nyumbani.
Sheng,Nilikula vibaya usiku wa jana.
Sheng,Hapo mtaani kuna chakula poa sana.
Sheng,Unapenda nyama choma ama ugali samaki?
Sheng,Nilifika canteen nikakuta imefungwa.
Sheng,"Watu wanaenda kula lunch, tuje."
Sheng,Hizi mandazi za hapo zinapendeza sana.
Sheng,Nikule kitu kidogo nienjoy usiku.
Sheng,Kuku wa hapo stage ni poa.
Sheng,"Tumia akili, usile sana."
Sheng,Hizo chips funga zilikuwa za moto.
Sheng,"Alikula kitu kibaya, ana tumbo."
Sheng,"Niko hungry sana, tuende tule."
Sheng,"Mama alipika pilau, nilifurahi sana."
Sheng,Hii chapati ni ya poa kabisa.
Sheng,Chakula cha nyumbani ni the best.
Sheng,Ulikula breakfast ama ulipita?
Sheng,Ninaenda office kesho morning.
Sheng,Please niletee coffee yangu.
Sheng,Niko na meeting saa 10.
Sheng,Check email yangu please.
Sheng,Tomorrow niko na deadline.
Sheng,Nipatie report ya project.
Sheng,Call me when you free.
Sheng,Send email to client.
Sheng,Niko busy with work.
Sheng,Let's meet at 5pm today.
Sheng,Submit report before Friday.
Sheng,Project inaenda vizuri.
Sheng,Team meeting ikua successful.
Sheng,Client alipenda proposal.
Sheng,Budget iko within limit.
Sheng,Timeline ni tight sana.
Sheng,Client alisay yes kwa proposal.
Sheng,Niko preparing presentation.
Sheng,Meeting ikuwa productive.
Sheng,Report ina complete information.
Sheng,Msee wangu ako na hustle ya kazi.
Sheng,Demu alikuwa online but hajajibu.
Sheng,"Base yangu iko safe, no worries."
Sheng,"Niaje buda, unacheza game gani?"
Sheng,"Mimi niko on a mission, no distractions."
Sheng,"Huyo msee ana story nyingi, avoid."
Sheng,"Kazi iko on point, everything straight."
Sheng,"Naskia umefika home, safe trip."
Sheng,"Mimi niko deep in work, call later."
Sheng,"Hii deal iko fresh, let's go."
Sheng,"Niko na vibes iko poa, all good."
Sheng,"Msee huyo anacheza smart, respect."
Sheng,"Base ya mtaa iko calm, no issues."
Sheng,"Niko on a grind, making moves."
Sheng,"Huyo demu ni real, no fake vibes."
Sheng,"Kazi inasonga, we're winning."
Sheng,"Mimi niko focused, no time for drama."
Sheng,"Hii life iko good, enjoying the grind."
Sheng,"Msee wangu anacheza clean, no issues."
Sheng,"Niko on my path, staying winning."
